{
   "codePost": null,
   "virtualDomainRoles": [
      {
         "allowGet": true,
         "allowPost": true,
         "allowPut": true,
         "roleName": "ADMIN-APPROVERDOMAIN",
         "allowDelete": true
      },
      {
         "allowGet": true,
         "allowPost": false,
         "allowPut": false,
         "roleName": "ADMIN-GPBADMN",
         "allowDelete": false
      }
   ],
   "codePut": null,
   "fileTimestamp": "2019-04-08T17:46:16Z",
   "codeDelete": null,
   "codeGet": "SELECT s.spriden_Id, s.spriden_last_name||', '||s.spriden_first_name||' '||s.spriden_mi||'    ID:   '||s.spriden_id  AS APPROVER_NAME, SPRIDEN_PIDM AS APPROVER_PIDM FROM SPRIDEN s \r\nWHERE s.SPRIDEN_PIDM IN (\r\nSELECT PEBEMPL_PIDM FROM PEBEMPL WHERE PEBEMPL_EMPL_STATUS = 'A')\r\nAND s.SPRIDEN_PIDM IN (SELECT SIBINST_PIDM FROM SIBINST)\r\nand spriden_change_ind is null\r\nUNION\r\nSELECT s.spriden_Id, s.spriden_last_name||', '||s.spriden_first_name||' '||s.spriden_mi||'    ID:   '||s.spriden_id  AS APPROVER_NAME, SPRIDEN_PIDM AS APPROVER_PIDM FROM SPRIDEN s \r\nWHERE s.spriden_pidm in (select swrapms_appr_pidm from swrapms)\r\nAND s.SPRIDEN_CHANGE_IND IS NULL\r\norder by APPROVER_NAME",
   "typeOfCode": "S",
   "serviceName": "ApproverIds"
}