{
   "constantName": "demoPersonSearch",
   "extendsPage": null,
   "fileTimestamp": "2017-10-25T14:56:47Z",
   "modelView": {
      "components": [
         {
            "name": "resourcePersonSearch",
            "resource": "virtualDomains.demoPersonSearch",
            "staticData": [],
            "type": "resource"
         },
         {
            "name": "scriptCopyToClipboard",
            "type": "literal",
            "value": "<script>\nfunction copyToClipboard(text) {\n \nif (window.clipboardData && window.clipboardData.setData) {\n // IE specific code path to prevent textarea being shown while dialog is visible.\n \nreturn clipboardData.setData(\"Text\", text); \n \n} \n \nelse if (document.queryCommandSupported && document.queryCommandSupported(\"copy\")) {\n        var textarea = document.createElement(\"textarea\");\n        textarea.textContent = text;\n        textarea.style.position = \"fixed\";  // Prevent scrolling to bottom of page in MS Edge.\n        document.body.appendChild(textarea);\n        textarea.select();\n        try {\n            return document.execCommand(\"copy\"); // Security exception may be thrown by some browsers.\n        } catch (ex) {\n            console.warn(\"Copy to clipboard failed.\", ex);\n            return false;\n        } finally {\n            document.body.removeChild(textarea);\n        }\n    }\n}\n</script>"
         },
         {
            "components": [
               {
                  "name": "personSearchInstructions",
                  "type": "literal",
                  "value": "<p>Use the following field to search for a person.</p>\n<ul>\n<li>Enter search string. You can search by name (\"LastName, First Name\") or email address.</li>\n<li>Locate person in search results.</li>\n<li>Click \"Select Person.\"</li>\n</ul>"
               },
               {
                  "label": "Search String:",
                  "loadInitially": true,
                  "name": "filterPersonSearchString",
                  "onUpdate": "$personSearchResultsGrid.$load();",
                  "parameters": {},
                  "readonly": false,
                  "required": false,
                  "type": "text",
                  "validation": {}
               },
               {
                  "allowDelete": false,
                  "allowModify": false,
                  "allowNew": false,
                  "allowReload": false,
                  "components": [
                     {
                        "label": "Banner ID",
                        "loadInitially": true,
                        "model": "SPRIDEN_ID",
                        "name": "personID",
                        "parameters": {},
                        "readonly": true,
                        "required": false,
                        "type": "text",
                        "validation": {}
                     },
                     {
                        "label": "First Name",
                        "loadInitially": true,
                        "model": "SPRIDEN_FIRST_NAME",
                        "name": "personFirstName",
                        "parameters": {},
                        "readonly": true,
                        "required": false,
                        "type": "text",
                        "validation": {}
                     },
                     {
                        "label": "Middle Name",
                        "loadInitially": true,
                        "model": "SPRIDEN_MI",
                        "name": "personMiddleInitial",
                        "parameters": {},
                        "readonly": true,
                        "required": false,
                        "type": "text",
                        "validation": {}
                     },
                     {
                        "label": "Last Name",
                        "loadInitially": true,
                        "model": "SPRIDEN_LAST_NAME",
                        "name": "personLastName",
                        "parameters": {},
                        "readonly": true,
                        "required": false,
                        "type": "text",
                        "validation": {}
                     },
                     {
                        "label": "Email Address",
                        "loadInitially": true,
                        "model": "GOREMAL_EMAIL_ADDRESS",
                        "name": "personEmailAddress",
                        "parameters": {},
                        "readonly": true,
                        "required": false,
                        "type": "email",
                        "validation": {}
                     }
                  ],
                  "label": "Search Results",
                  "loadInitially": false,
                  "model": "resourcePersonSearch",
                  "name": "personSearchResultsGrid",
                  "onClick": "copyToClipboard(currentSelection.SPRIDEN_ID);\nalert(currentSelection.SPRIDEN_ID + \" copied to clipboard\", {flash: true});",
                  "pageSize": 5,
                  "parameters": {
                     "p_search_string": "$filterPersonSearchString"
                  },
                  "type": "grid"
               },
               {
                  "name": "personSearchSeparator",
                  "type": "literal",
                  "value": "<hr />"
               }
            ],
            "label": "Person Search",
            "name": "personSearchForm",
            "nextButtonLabel": "",
            "showInitially": true,
            "type": "form"
         }
      ],
      "label": "",
      "name": "demoPersonSearch",
      "title": "",
      "type": "page"
   },
   "pageRoles": [
      {
         "roleName": "ADMIN-GPBADMN",
         "allow": true
      },
      {
         "roleName": "ALLROLES",
         "allow": true
      }
   ]
}