{
   "constantName": "tabsCss",
   "css": ".tab {\n    overflow: hidden;\n    border: 1px solid #ccc;\n    background-color: #f1f1f1;\n}\n\n/* Style the buttons that are used to open the tab content */\n.tab button {\n    background-color: inherit;\n    float: left;\n    border: none;\n    outline: none;\n    cursor: pointer;\n    padding: 14px 16px;\n    transition: 0.3s;\n}\n\n/* Change background color of buttons on hover */\n.tab button:hover {\n    background-color: #ddd;\n}\n\n/* Create an active/current tablink class */\n.tab button.active {\n    background-color: #ccc;\n}\n\n/* Style the tab content */\n.tabcontent {\n    display: none;\n    padding: 6px 12px;\n    border: 1px solid #ccc;\n    border-top: none;\n}\n\n//=============================================\n\n.benefits_list {\n    list-style-type: disc;\n    columns: 2;\n    list-style-position: inside;\n}\n\nhr {\n    display: block;\n    margin-before: 0.5em;\n    margin-after: 0.5em;\n    margin-start: auto;\n    margin-end: auto;\n    border-style: inset;\n    border-width: 1px; \n}\n\nlabel[class*=\"pb-label\"] {\n    color: black;\n    font-weight: normal;\n}\n\n/* Formatting summary line items */\ndiv[id*=\"summary_\"] {\n     margin-left: 8%;\n     display: grid;\n     grid-template-columns: 20% 10%;\n}\n\ndiv[id*=\"summary_\"] > span {\n     text-align: right;\n}\n\n/* Formatting subtotal line items */\ndiv[id*=\"subtotal\"] {\n     margin-left: 5%;\n     display: grid;\n     grid-template-columns: 30% 10%;\n}\n\ndiv[id*=\"subtotal\"] > span {\n     text-align: right;\n}\n\n.filterText {\n    padding-top: 10px;\n    padding-bottom: 10px;\n    font-weight: normal;\n}\n\ntable {\n    border: 1px solid black;\n}\n\nth, td {\n    padding: 5px;\n    //text-align: left;\n   border: 1px solid black;\n}\n\ntr:nth-child(even) {\n     background-color: #f2f2f2;\n}\n\n\n\n/* The Modal (background) */\n.modal {\n    display: none; /* Hidden by default */\n    position: fixed; /* Stay in place */\n    z-index: 1; /* Sit on top */\n    left: 0;\n    top: 0;\n    width: 100%; /* Full width */\n    height: 100%; /* Full height */\n    overflow: auto; /* Enable scroll if needed */\n    background-color: rgb(0,0,0); /* Fallback color */\n    background-color: rgba(0,0,0,0.4); /* Black w/ opacity */\n}\n\n/* Modal Content/Box */\n.modal-content {\n    background-color: #fefefe;\n    margin: 15% auto; /* 15% from the top and centered */\n    padding: 20px;\n    border: 1px solid #888;\n    width: 80%; /* Could be more or less, depending on screen size */\n}\n\n/* The Close Button */\n.close {\n    color: #aaa;\n    float: right;\n    font-size: 28px;\n    font-weight: bold;\n}\n\n.close:hover,\n.close:focus {\n    color: black;\n    text-decoration: none;\n    cursor: pointer;\n}",
   "description": "null",
   "fileTimestamp": "2020-01-30T14:39:40Z",
   "developerSecurity": [],
   "owner": null
}